Code,Name,Area Code
NQX,Key West Nas /Boca Chica Field (private U. S. Navy ),67
OCH,A L Mangham Jr. Regional,0
AYE,AAF Heliport,1
ABR,Aberdeen Regional,906
ABI,Abilene Regional,21
SPI,Abraham Lincoln Capital,5
ARA,Acadiana Regional,3
MFV,Accomack County,4
ADT,Ada Municial,1
ADK,Adak Island Ns,906
ADS,Addison Airport,21
SLK,Adirondack Regional,5
INS,Af Aux,3
HST,AFB,4
OHC,AFS,3
PML,Ainsworth,4
ANW,Airpark,1
MDD,Airstrip,1
VIK,Akhiok,906
AKK,Akiak,21
AKI,Akron Fulton International,1
AKC,Akron/canton Regional,906
CAK,Akutan,21
KQA,Alakanuk,67
AUK,Albany,0
CVO,Albany International,1
ALB,Albany NAS,906
NAB,Albert J Ellis,21
OAJ,Albert Lea,5
AEL,Albert Whitted,3
SPG,Albertus,4
FEP,Albuquerque International,1
ABQ,Aleknagik,906
WKK,Aleneva,21
AED,Alexander Field,5
ISW,Alexandria,3
AXN,Alexandria Bay,4
AXB,Alexandria International,3
AEX,Algona,4
AXG,Alitak SPB,1
ALZ,Allakaket,1
AET,Allegheny County,906
AGC,Allen County,21
AOH,Alliance Municipal,1
AIA,Alpena County Regional,906
APN,Alpine,21
ALE,Altoona-Blair County,67
AOO,Altus AFB,0
LTS,Altus/Quartz Mountain Regional,1
AXS,Alyeska,906
AQY,Ambler,21
ABL,Amchitka,5
AHT,Amedee AAF,3
AHC,Ames,4
AMW,Amook,1
AOS,Anacortes,906
OTS,Anaheim,21
ANA,Anaktuvuk,5
AKP,Anderson Municipal-Darlington,3
AID,Anderson Regional,4
AND,Andrau Airpark,3
AAP,Andrews,4
ADR,Andrews AFB,1
ADW,Andrews NAF,1
NSF,Angel Fire,906
AXX,Angoon,21
AGN,Aniak,1
ANI,Animas Airpark,906
AMK,Anita Bay,21
AIB,Annette Island,67
ANN,Anniston Metropolitan,0
ANB,Anthony,1
ANY,Antlers Municipal,906
ATE,Antrim County,21
ACB,Anvik,5
ANV,Ap In The Sky,3
CIB,Apalachicola Regional,4
AAF,Apple Valley,1
APV,Aransas County,906
RKP,Aransas National Wildlife Refuge,21
MGI,Arcata,5
ACV,Arctic Village,3
ARC,Ardmore Municipal Arpt,4
ADM,Arkansas City,3
WLD,Arnold AFS,4
TUH,Arnold Palmer Regional,1
LBE,Artesia,1
ATS,Asbury Park,906
ARX,Asheville Regional,21
AVL,Ashley,1
ASY,Ashtabula,906
JFN,Aspen,21
ASE,Astoria Regional,67
AST,Athens,0
AHN,Atka,1
AKB,Atlanta Nas,906
NCQ,Atlantic City International,21
ACY,Atmautluak,5
ATT,Atqasuk,3
ATK,Attala County,4
OSX,Auburn,1
AUN,Auburn-Opelika,906
LEW,Augusta Regional,21
AUO,Augusta State,5
AGS,Aurora Municipal,3
AUG,Austin,4
AUZ,Austin Municipal,3
ASQ,Austin Straubel International,4
AUM,Austin-bergstrom International,1
GRB,Aux Field,1
AUS,Avalo Vor/WP,906
NRC,Avalon Bay,21
SXC,Avra Valley,1
AVX,Baca Grande,906
AVW,Bader Field,21
BCJ,Bagdad,67
AIY,Baker,0
BGT,Baker Aaf,1
BKE,Baldwin County,906
BAR,Baltimore Greenbelt T,21
MLJ,Baltimore Rail,5
GBO,Baltimore/Washington International Thurgood Marshall,3
ZBP,Bangor International Airport,4
BWI,Banning Municipal,1
BGR,Bar Harbor,906
BNG,Barin Olf Osn,21
BHB,Barking Sands PMRF,5
NHX,Barkley Regional,3
BKH,Barksdale AFB,4
PAH,Barnes,3
BAD,Barnstable,4
BNH,Barnwell Regional,1
BAF,Barstow-Daggett,1
HYA,Barter Island,906
BNL,Bartlesville,21
DAG,Bartlett SPB,1
BTI,Bartletts,906
BVO,Bartow,21
BQV,Battery Pk City/N. Cov,67
BSZ,Baudette,0
BOW,Bay City,1
NBP,Bay County (Closed),906
BDE,Baytown Airport,21
BBC,Beale AFB,5
PFN,Bear Creek 3,3
HPY,Beatrice,4
BAB,Beatty,1
BCC,Beaumont Muni,906
BIE,Beauregard Parish,21
BTY,Beaver,5
BMT,Beaver Creek Van Svce.,3
DRI,Beaver Falls,4
WBQ,Beaver Ruin,3
ZBV,Beckley,4
BFP,Beech,1
JAO,Bellefonte,1
BKW,Bellingham International,906
BEC,Bellows Field,21
PSB,Beluga,1
BLI,Bemidji Regional,906
BLW,Bennettsville,21
BVU,Berkeley,67
BJI,Berlin Municipal Airport,0
BTN,Bermuda Dunes,1
JBK,Bert Mooney Airport,906
BML,Bethel Airport,21
UDD,Bettles,5
BTM,Beverly Municiple Airport,3
BET,Bhurban Heliport,4
BTT,Bicycle Lake AAF,1
BVY,Big Bear City Arpt,906
BHC,Big Creek,21
BYS,Big Lake,5
RBF,Big Mountain,3
BIC,Big Piney-marbleton,4
BGQ,Big Rapids,3
BMX,Biggs Aaf,4
BPI,Bill and Hillary Clinton National/Adams Field,1
WBR,Billings Logan International,1
BIF,Birch Creek,906
LIT,Birchwood-Pocono,21
BIL,Birmingham-Shuttlesworth International,1
KBC,Bisbee Municipal Arpt,906
ESP,Bisbee-Douglas International,21
BHM,Bisbee-Douglas Intl,67
BSQ,Bishop,0
DGF,Bishop International,1
DUG,Bismarck Municipal,906
BIH,Black Hills,21
FNT,Blackstone AAF,5
BIS,Blackwell,3
SPF,Blaine,4
BKT,Blairsville,1
BWL,Blakely Island,906
BWS,Blanding,21
BSI,Block Island,5
BYW,Bloomington,3
BDG,Blosser Municipal,4
BID,Blue Canyon,3
BMG,Blue Fox Bay,4
CNK,Blue Grass,1
BLU,Blue Grass Station Army Heliport,1
BFB,Blythe,906
LEX,Blytheville AFB,21
LSD,Bob Barker Memorial,1
BLH,Bob Hope,906
BYH,Bob Sikes,21
IAN,Boca Raton,67
BUR,Boeing Field / King County International,0
CEW,Boire Field,1
BCT,Boise Air Terminal/Gowen Field,906
BFI,Bolling AFB,21
ASH,Bomar Field,5
BOI,Boone,3
BOF,Boone County,4
SYI,Borger,1
BNW,Bornite Upper,906
HRO,Borrego Springs,21
BGD,Boston BKBAY Rail,5
RLU,Boston City Heliport,3
BXS,Boston RT128 Rail,4
ZTY,Boston South Rail,3
JBC,Boswell Bay,4
ZRU,Boulder City Municipal,1
ZTO,Boundary,1
BSW,Boundary Bay,906
BLD,Bowerman,21
BYA,Bowers Field,1
JNU,Bowman,906
HQM,Bowman Field Airport,21
ELN,Boxborough,67
BWM,Bozeman Yellowstone International,0
LOU,Brackett Field,1
BXC,Bradford Regional,906
BZN,Bradley International,21
POC,Bradshaw AAF,5
BFD,Brainard,3
BDL,Brainerd Lakes Regional,4
BSF,Branson,1
HFD,Brawley,906
BRD,Brazoria County,21
BKG,Bremerton National,5
BWC,Brevig Mission,3
LJN,Brewster Field,4
PWT,Brigham City,3
KTS,Broadus,4
HDE,Broken Bow,1
BMC,Broker Inn,1
BDX,Brookhaven,906
BBW,Brookings Regional (Municipal),21
WBI,Brookings State,1
WSH,Brooks Lodge,906
BKX,Brown Field Municipal,21
BOK,Browns,67
RBH,Brownwood,0
SDM,Brunswick Golden Isles,1
EPG,Brunswick Golden Isles Airport,906
BWD,Bryant AAF,21
NEA,Bryce,5
BQK,Buchanan Field,3
FRN,Buckeye Municipal,4
BCE,Buckhorn Ranch,1
CCR,Buckland,906
BXK,Buffalo Depew Rr,21
CSE,Buffalo Municipal Airport,5
BKC,Buffalo Niagara International,3
ZFZ,Bullfrog Basin,4
BFK,Burke Lakefront,3
BUF,Burlington,4
BFG,Burlington County,1
BKL,Burlington International,1
BBF,Burns,906
LLY,Butler,21
BTV,Butler County - Kenny Scholter Field,1
BNO,Butts AAF,906
BUM,Buzzards Pt S,21
BTP,Cabaniss Field,67
FCS,Cabin Creek,0
BZS,Cable Airport,1
NGW,Cable Heliport,906
CBZ,Cadillac,21
CCB,Cairns AAF,5
JUP,Cairo Regional,3
CAD,Caldwell Wright,4
OZR,Calipatria,1
CIR,Callaway Gardens,906
CDW,Calloway,21
CLR,Calloway County,5
CWG,Cambria County,3
LGC,Cambridge,4
CEY,Camp A P Hill,3
JST,Camp Maybry AHP,4
CGE,Campbell AAF,1
APH,Campbell County,1
MMR,Campo,906
HOP,Candle,21
GCC,Cannon AFB,1
CZZ,Canon City,906
CDL,Canton,21
CVS,Canyonlands Field,67
CNE,Cape Girardeau Regional,0
CTK,Cape Lisburne,1
CNY,Cape May County,906
CGI,Cape Newenham,21
LUR,Cape Pole,5
WWD,Cape Romanzof,3
EHM,Capital City,4
CZP,Capital Region International,1
CZF,Carbon County,906
FFT,Carleton,21
HAR,Carlsbad Cavern City Air Terminal,5
LAN,Carrizo Springs,3
PUC,Carroll,4
SYN,Carson City,3
CNM,Cascade Locks/Stevens,4
CZT,Casco Cove,1
CIN,Casement,1
CSN,Castle AFB,906
CZK,Catalina SPB,21
ATU,Cecil Field,1
PVZ,Cedar City Regional,906
MER,Centennial Airport,21
SPQ,Center Island,67
VQQ,Centerport Heliport,0
CDC,Central,1
APA,Central Bus. District,906
CWS,Central Illinois Regional Airport At Bloomington-normal,21
JOC,Central Jersey Regional,5
CEM,Central Maine Airport of Norridgewock,3
JDX,Central Nebraska Regional,4
BMI,Central Wisconsin,1
JVI,Centralia,906
OWK,Century City,21
GRI,Cessna Aircraft Field,5
CWA,Chadron Municipal,3
CLS,Chaffee AFB,4
CCD,Chalkyitsik,3
CEA,Challis,4
CDR,Chan Gurney,1
CCA,Chandalar,1
CIK,Charles Schulz-Sonoma County,906
CHL,Charleston AFB International,21
YKN,Charlotte County,1
WCR,Charlotte Douglas International,906
STS,Charlottesville-Albemarle,21
CHS,Chase Field NAS,67
PGD,Chatham SPB,0
CLT,Chefornak,1
CHO,Chefornak SPB,906
NIR,Chena Hot Springs,21
CYM,Cheraw,5
CFK,Cherokee,3
CYF,Cherokee County,4
CEX,Cherry Capital,1
HCW,Chess-Lambertin,906
CKK,Chestercounty Carlson,21
JKV,Chevak,5
TVC,Cheyenne Regional (Jerry Olsen Field),3
FKL,Chicago Midway International,4
CTH,Chicago NAS,3
VAK,Chicago O'hare International,4
CYS,Chicago/Rockford International,1
MDW,Chicken,1
NOH,Chico Municipal,906
ORD,Chignik,21
RFD,Chignik Bay,1
CKX,Childress,906
CIC,Chiloquin State,21
KCQ,China Basin Heliport,67
KBW,Chino,0
CDS,Chippewa County International,1
CHZ,Chippewa Valley Regional,906
JCC,Chisana Field,21
CNO,Chisholm,5
CIU,Chistochina,3
EAU,Chitina Arpt,4
CZN,Chomley,1
HIB,Chuathbaluk,906
CZO,Cincinnati Municipal-Lunken Field,21
CXC,Cincinnati-Blue Ash Airport,5
CIV,Cincinnati/Northern Kentucky International,3
CHU,Cinder River,4
LUK,Circle City,3
ISZ,Circle Hot Springs,4
CVG,Citicorp Plaza H/P,1
RCP,City,1
IRC,City County,906
CHP,City Landing,21
JCX,City Of Industry H/P,1
CKU,City-county,906
HVR,Civic Ar Heli,21
JBT,Clark Field,67
JID,Clarks Point,0
MDJ,Clayton Municipal,1
EWK,Clear Lake,906
CVA,Cleveland-Hopkins International,21
SEP,Clinton,5
CLP,Clinton County,3
CAO,Clinton Field,4
CKE,Clintonville,1
CLE,Clovis Municipal,906
CWI,Coalinga,21
PLB,Coast Guard,5
ILN,Coast Guard Heliport,3
CLI,Cobb County - McCollum Field,4
CVN,Coffee Point,3
CLG,Coffield,4
ERO,Coffman Cove SPB,1
LRK,Cold Bay,1
CSP,Coldfoot,906
PRT,Coleman,21
TRP,Coleman A. Young Municipal,1
RYY,Coles County Memorial,906
CFA,College Park,21
RCK,Colorado Creek,67
KCC,Colorado Plains Regional Airport,0
CDB,Colorado Springs,1
CXF,Columbia,906
COM,Columbia County,21
DET,Columbia Gorge Regional/The Dalles Municipal,5
MTO,Columbia Regional,3
CGS,Columbus AFB,4
KCR,Columbus Metropolitan,1
AKO,Columbus Municipal,906
COS,Commerce Bus. Plaza,21
COA,Compton,5
HCC,Concord,3
DLS,Concord Regional,4
COU,Condron AAF,3
CBM,Convention Center H/P,4
CSG,Converse County,1
CLU,Cooperstown - Westville Airport,1
OLU,Copper Centre,906
JBP,Corbin-london,21
CPM,Corcoran,1
CON,Corner Bay,906
JQF,Corpus Christi International Airport,21
WSD,Corsicana Municipal,67
JCE,Cortland,0
DGW,Cottonwood,1
COP,Cotulla,906
CZC,Coulter Field,21
LOZ,Council Bluffs Municipal,5
CRO,County,3
CBA,County-Foster,4
CRP,Cox Field,1
CRS,Craig AFB,906
CTX,Craig Municipal,21
CTW,Craig SPB,5
COT,Craig-Moffat,3
CFD,Crane County,4
CBF,Crane Island,3
BFT,Crested Butte Regional,4
JAS,Crews Field,1
OBE,Crooked Creek,1
SIV,Cross City,906
VCT,Crosson Field,21
PRX,Crystal,1
SEM,Crystal Lake,906
CRG,Cube Cove,21
CGA,Cuddihy Field,67
CIG,Culberson County,0
CCG,Cummings Park,1
CKR,Curtis Field,906
GUC,Curtis Memorial,21
RTN,Cut Bank,5
CKD,Cuyahoga County,3
CTY,Dade Collier,4
STK,Dahl Creek Arpt,1
MIC,Dahlgren Naval Surface Warfare Center,906
CYE,Dalhart,21
CUW,Dallas Love Field,5
CUX,Dallas North Airport,3
VHN,Dallas/Fort Worth International,4
WBN,Danbury Municipal Airport,3
BBD,Dane County Regional,4
ORV,Danger Bay,1
CTB,Daniel Field,1
CGF,Dansville,906
TNT,Dare County Regional,21
DCK,Davenport,1
DGN,David Wayne Hooks,906
DHT,Daviess County,21
DAL,Davis Field,67
DNE,Davis Monthan AFB,0
DFW,Davison AAF,1
DXR,Dawson Community,906
MSN,Dayton-Wright Brothers Airport,21
DGB,Daytona Beach International,5
DNL,Death Valley,3
DSV,Decatur,4
MEO,Decatur County,1
DVN,Decatur Hi-Way,906
DWH,Decatur Island,21
OWB,Deep Bay,5
MKO,Deer Park,3
DMA,Deering,4
DAA,Dekalb-Peachtree,3
GDV,Del Rio International,4
MGY,Delaware County Regional,1
DAB,Delta County,1
DTH,Delta Junction,906
DEC,Delta Municipal,21
BGE,Deming,1
DCR,Denver International,906
DTR,Derby Field,21
WDB,Des Moines International,67
DPK,Desert Rock,0
DRG,Destin-Fort Walton Beach Airport,1
PDK,Detroit Metropolitan Wayne County,906
DRT,Detroit NAF,21
MIE,Devils Lake Municipal,5
ESC,Devils Track,3
DJN,Dew Station,4
DTA,Dickinson Theodore Roosevelt Regional,1
DMN,Dillant-Hopkins,906
DEN,Dillingham,21
LOL,Dillingham Airfield,5
DSM,Dillon,3
DRA,Dinwiddie County Airport,4
DSI,Diomede Heliport,3
DTW,Dobbins AFB,4
NFB,Dodge City Regional,1
DVL,Dodge County,1
GRM,Dolomi,906
LNI,Donaldson Center,21
PIZ,Door County,1
DIK,Dora Bay,906
EEN,Dothan Regional,21
DLG,Douglas County,67
HDH,Douglas Municipal,0
DLN,Dover AFB,1
DLL,Downtown,906
PTB,Downtown Airpark,21
DIO,Downtown Heliport,5
MGE,Downtown Manhattan H/p,3
DDC,Doylestown,4
UNU,Dr Haines,1
DLO,Draughon-miller Central Texas Regional,906
GDC,Drift River,21
SUE,Drummond,5
DOF,Drummond Island,3
DHN,Dubois,4
MEV,Dubois Regional,3
DGL,Dubuque Regional,4
DOV,Duke Field,1
AHD,Duluth International,1
EBR,Dunkirk,906
MKC,Dupage County,21
STP,Durango-La Plata County,1
DWN,Dutchess County,906
JDB,Dyess AFB,21
JDM,Eagle,67
JDT,Eagle County Regional,0
DNT,Eagle Lake,1
JRB,Eagle River Union,906
DYL,Eaker,21
HAI,Earl Fields Memorial,5
TPL,East 34th St Heliport,3
DRF,East 34th St Landing,4
DRU,East 60th Street H/P,1
DRE,East Fork,906
DBS,East Hampton,21
DUJ,East Texas Regional,5
DBQ,Eastern Iowa,3
EGI,Eastern Oregon Regional,4
DLH,Eastern Wv Regional Airport/Shepherd Field,3
DKK,Easterwood Field,4
DPA,Easton/Newnam Field,1
DRO,Eaton,1
POU,Edna Bay,906
DYS,Edward F Knapp State,21
EAA,Edwards AFB,1
EGE,Eek,906
ELA,Egegik,21
EGV,Eielson AFB,67
DUA,Eight Fathom Bight,0
POF,Ekuk,1
TSS,Ekwok,906
NES,El Centro NAF,21
JRE,El Dorado,5
EFO,El Monte,3
HTO,El Paso International,4
GGG,Elfin Cove SPB,1
CID,Elim,906
PDT,Elizabeth City Regional,21
MRB,Elizabeth Field,5
CLL,Elizabethtown,3
ESN,Elkhart Municipal,4
OIC,Elkins,3
EDA,Elko Regional,4
MPV,Ellamar,1
EDW,Ellington Field,1
EEK,Ellis Field,906
EGX,Ellsworth Afb,21
EIL,Ellyson NAS,1
EFB,Elmendorf Afb,906
KKU,Elmira Corning Regional,21
KEK,Ely,67
NJK,Embarkadero,0
EDK,Emergency Field,1
EMT,Emmet County Airport,906
ELP,Emmonak,21
ELV,Emporia,5
ELI,Enid Woodring Mun.,3
ECG,Ephrata,4
FID,Eppley Airfield,1
EKX,Erie International,906
EKI,Ernest Love Field,21
EKN,Errol,5
EKO,Esler Field,3
ELW,Espanola,4
EFD,Eunice,3
MYU,Eureka,4
RCA,Evanston,1
NDP,Evansville Regional Airport,1
EDF,Eveleth,906
ELM,Everett-Stewart,21
LYU,Exchangest Railway Svc,1
EMB,Executive,906
DUT,Fairbanks International,21
ECA,Fairchild AFB,67
EMK,Fairmont,0
EMP,Falcon Field,1
WDG,Falcon State,906
EPH,Falls Bay,21
OMA,Falls International,5
ERI,False Island,3
PRC,False Pass,4
ERR,Fanning Field,1
ESF,Farewell,906
ESO,Farmington Regional,21
UCE,Federal No 1,5
EUE,Felker AAF,3
EVW,Felts Field,4
EVV,Fergus Falls Municipal,3
EVM,Fin Creek,4
UCY,Findlay,1
ZXS,Fire Cove,1
CLW,Firing Center AAF,906
FXE,First Flight,21
FAI,Fisheries,1
SKA,Fitchburg Municipal Airport,906
FRM,Five Finger,21
MSC,Five Mile,67
FAL,Flagstaff Pulliam,0
FLJ,Flat,1
INL,Flaxman Island,906
FAK,Fletcher Field,21
KFP,Florence Regional,5
IDA,Floyd Bennett Memorial,3
FWL,Flushing,4
FAM,Flying Cloud,1
KSR,Fond Du Lac,906
FAF,Forbes Field,21
SFF,Ford,5
FFM,Forney AAF,3
FNK,Fort Bragg,4
FDY,Fort Bridger,3
FIC,Fort Collins Bus Servi,4
FCT,Fort Collins-Loveland Municipal,1
FFA,Fort Dodge Regional,1
KCG,Fort Hood AAF,906
FIT,Fort Jefferson,21
FIV,Fort Lauderdale/hollywood International,1
FMC,Fort Lee AAF,906
FLG,Fort Mccoy,21
FLT,Fort Smith Regional,67
FXM,Fort Sumner,0
CKM,Fort Wayne International Airport,1
FLO,Fort Worth Alliance,906
GFL,Fort Worth NAS Jrb/Carswell Field,21
FLU,Fort Yukon,5
FCM,Fortuna Ledge,3
FLD,Four Corners Regional,4
FOE,Fox,1
IMT,Franklin,906
TBN,Franklin County,21
FOB,Frederick Municipal,5
FBR,Freeman Municipal,3
QWF,French Valley,4
FNL,Fresh Water Bay,3
FOD,Fresno Yosemite International,4
HLR,Fresno-Chandler,1
RBN,Friday Harbor,1
FLL,Friday Harbor SPB,906
FLE,Friedman Memorial,21
CMY,Front Range Airport,1
FSM,Front Royal-Warren County,906
FSU,Fryeburg,21
FWA,Ft Mcclellan Bus Trml,67
AFW,Ft Wolter AAF,0
FWH,Fulton County,1
FYU,Gabbs,906
FTL,Gage,21
FMN,Gainesville Regional,5
FOX,Gakona,3
LFN,Galbraith Lake,4
UOS,Galena,1
FDK,Galesburg,906
SER,Galion Municipal,21
RBK,Galleria Heliport,5
FRP,Gallup Municipal,3
FAT,Gambell,4
FCH,Ganes Creek,3
FRD,Garden City Regional,4
FBS,Garden Harris County,1
SUN,Garfield County,1
FTG,Garner Fld,906
FRR,Gary/Chicago International,21
FRY,Gatlinburg,1
QAW,General Brees Field Regional,906
CWO,General Edward Lawrence Logan International,21
FTY,General Mitchell International,67
RCR,George Bush Intercontinental,0
GAB,George Downer,1
GAG,George R Carr,906
GNV,Georgetown,21
GAK,Gerald R. Ford International,5
GBH,Gettysburg,3
GAL,Gilbert Field,4
GBG,Gillespie Field,1
GQQ,Glacier Creek,906
JGL,Glacier Park International,21
GUP,Gladwin,5
GAM,Glendale Fokker Field,3
GEK,Glenn County,4
GCK,Glenn L Martin,3
PIM,Glennallen,4
RIL,Glenwood Springs,1
UVA,Godman AAF,1
GYY,Gogebic County,906
GKT,Golden Horn Lodge SPB,21
LAR,Golden Triangle Regional,1
BOS,Golovin,906
MKE,Goodfellow AFB,21
IAH,Gooding,67
AIV,Goodnews Bay,0
BXA,Goodwin Field,1
GGE,Gordon,906
GRR,Goshen,21
GTY,Grand Forks AFB,5
GIF,Grand Forks International,3
CJN,Grand Rapids,4
SEE,Grand Strand,1
KGZ,Granite Mountain,906
FCA,Grannis Field Regional,21
GDW,Grant County,5
GWV,Grant County International,3
WLW,Grants-Milan Municipal,4
MTN,Gratiot Community,3
GLQ,Gray AAF,4
GWS,Grayling,1
FTK,Great Bend,1
IWD,Great Falls International,906
GDH,Greater Binghamton,21
GTR,Greater Cumberland Regional,1
GLV,Greater Kankakee,906
GOF,Greater Portsmouth Regional,21
GNG,Greater Rochester International,67
GNU,Green,0
ELD,Green River,1
GRN,Greenbrier,906
GSH,Greenbrier Valley,21
RDR,Greene County,5
GFK,Greenville Downtown,3
GPZ,Greenville Spartanburg International Airport,4
CRE,Greenway Plaza H/P,1
GMT,Greenwood,906
FAY,Greenwood Municipal Airport,21
PGC,Grider Field,5
SVC,Griffing Sandusky Regional,3
MWH,Griffiss AFB,4
GNT,Grissom Afb,3
AMN,Griswold,4
GRF,Grumman,1
KGX,Gulfport-Biloxi International,1
GBD,Gulkana,906
GTF,Gunter AFB,21
BGM,Gustavus Arpt,1
CBE,Guthrie,906
IKK,Guymon,21
PMH,Gwinnett County Airport,67
ROC,Hacienda Bus.Park H/P,0
OTN,Hale County,1
RVR,Haley AAF,906
SSU,Half Moon,21
LWB,Halifax County,5
WAY,Halliburton Field,3
GMU,Hamilton,4
GSP,Hamilton Field (Closed),1
JGP,Hana,906
GRD,Hanchey Army Heliport,21
HFY,Hanscom Field,5
PBF,Hanus Bay,3
SKY,Hardy-Anders,4
RME,Harrell Fld,3
GUS,Harriet Field,4
MPE,Harrisburg International,1
BPA,Harrisburg Rail,1
GPT,Harrison County,906
GKN,Harry Clever Field,21
GUN,Hartford CT Rail,1
GST,Hartsfield-Jackson Atlanta International,906
GOK,Hastings,21
GUY,Hatbox Field,67
LZU,Hatteras,0
JBS,Hattiesburg-Laurel Regional,1
PVW,Havasupai,906
FSN,Hawkins Field,21
HAF,Hawthorne,5
RZZ,Haycock,3
DUC,Hayward Executive,4
HAO,Hazleton,1
SRF,Healy Lake,906
HNM,Hector International,21
HEY,Helena Regional,5
BED,Heliport,3
HBC,Henderson Executive,4
HEZ,Hendersonville Airport,3
CDH,Henry County,4
LWL,Henry Post AAF/Ford Sill,1
MDT,Henry Tift Myers,1
ZUG,Herendeen,906
ASL,Heritage Field,21
PHD,Hesler-Noble Field,1
ZRT,Hickam AFB,906
ATL,Hickory Regional,21
HSI,Hidden Falls,67
HAX,Hill Afb,0
HNC,Hill City,1
PIB,Hillenbrand,906
HAE,Hilo International,21
HKS,Hilton Head,5
HHR,Hiltons Har H,3
HTH,Hinkles Ferry,4
HAY,Hobart,1
HWD,Hobart Bay,906
HZL,Hogatza,21
HKB,Holikachu,5
FAR,Hollister Municipal,3
HLN,Holloman AFB,4
JDY,Holy Cross,3
JEM,Homer,4
JGX,Honolulu International,1
JGC,Hook Field,1
JLB,Hoonah,906
JNP,Hooper Bay,21
ORQ,Hot Springs,1
JPD,Hot Springs SPB,906
JRD,Houghton County Memorial,21
JTO,Howard County,67
HSH,Howes Regional,0
0A7,Hughes,1
PHT,Hugo,906
FSI,Humboldt,21
TMA,Hunt Field,5
HED,Hunter AAF,3
PTW,Huntsville International - Carl T. Jones Field,4
LUL,Huslia,1
HIK,Hutchinson,906
HKY,Hyatt Regency H/P,21
HDA,Icy Bay,5
HIF,Igiugig,3
HLC,Igor I. Sikorsky Mem.,4
HLB,Iliamna,3
ITO,Illinois Valley,4
HHH,Immokalee,1
WHH,Imperial,1
BZT,Imperial County,906
HBR,Independence,21
HBH,Indian Mountain AFS,1
HGZ,Indianapolis International,906
HOL,Industrial,21
HLI,Industrial Airpark,67
HMN,Ingalls Field,0
HCR,Intercontinental,1
HOM,Intermediate,906
HNL,Intermediate Field,21
MWO,International,5
HNH,International-Wokal Field,3
HPB,Intl Heliport,4
THP,Iowa City Municipal,1
KBE,Iowa Falls,906
CMX,Isabel Pass,21
HCA,Island Heliport,5
HON,Ithaca Tompkins Regional,3
CVR,Ivishak,4
HUJ,J t Robidoux,3
HUD,Jack Brooks Regional,4
LND,Jack Edwards,1
HGT,Jackpot,1
SVN,Jackson,906
HSV,Jackson Hole,21
HSL,Jackson-Evers International,1
HUT,Jacksonville International,906
JHY,Jacksonville NAS,21
DEO,James Cox Dayton Intl,67
ICY,Jamestown,0
IGG,Jamestown Regional,1
BDR,Jefferson Proving Grd,906
ILI,Jerry Tyler Memorial,21
VYS,JFK Memorial,5
IMM,Jim Hamilton L.B. Owens,3
IML,Joe Foss Field,4
IPL,John Day,1
IDP,John F Kennedy International,906
UTO,John H. Batten Field,21
IND,John Wayne,5
OTM,Johnson,3
TIW,Johnson County Executive,4
HBB,Jonesboro Municipal,3
HSP,Joplin Regional,4
LJC,Jordan,1
HVE,Joslin Field - Magic Valley Regional,1
MDO,Kagvik Creek,906
MHM,Kahului,21
MOS,Kalaeloa John Rodgers Field,1
PMB,Kalakaket AFS,906
SKW,Kalamazoo/Battle Creek,21
TSG,Kalaupapa,67
CYT,Kaltag,0
BIG,Kamuela,1
ALI,Kamusi Airport,906
CXL,Kanab,21
HUL,Kansas City International Airport,5
OLF,Kapalua West Maui,3
GGW,Karluk,4
JIO,Karluk Lake SPB,1
IOW,Kasaan SPB,906
IFA,Kasigluk,21
ISL,Kayenta,5
JHC,Kearney Regional,3
ITH,Keesler AFB,4
IVH,Kegelman Af,3
VLE,Kelly AFB,4
BPT,Kelly Bar,1
GUF,Kelp Bay,1
KPT,Kemerer,906
MJQ,Kenai Municipal,21
JAC,Kenmore Air Harbor,1
JAN,Kenmore Air Harbor SPB,906
JAX,Kenosha Regional,21
NIP,Kentland,67
DAY,Keokuk,0
JHW,Kern County,1
JMS,Kerrville,906
MDN,Ketchikan International,21
NLE,Key Field,5
ASX,Key West International,3
CUB,Kickapoo Downtown,4
FSD,Kimble County,1
JDA,Kincheloe AFB,906
JFK,King Cove,21
RAC,King Salmon,5
SNA,Kingman,3
JCY,Kinston Regional,4
OJC,Kipnuk SPB,3
JBR,Kirsch Municipal,4
JLN,Kissimmee Gateway,1
JDN,Kivalina,1
TWF,Kizhuyak,906
KKF,Klag Bay,21
OGG,Klamath Falls,1
NAX,Klawock,906
KKK,Knox County Regional,21
AZO,Kobuk,67
LUP,Kodiak Airport,0
KAL,Kodiak Fss,1
MUE,Kokhanok,906
KUY,Kokomo,21
KNB,Kona International Airport,5
MCI,Kongiganak,3
JHM,Kotlik,4
KYK,Koyuk,1
KKL,Koyukuk,906
KXA,Kulik Lake,21
KUK,Kuparuk,5
MVM,Kwethluk,3
EAR,Kwigillingok,4
BIX,Kwinhagak,3
CKA,L O Simenstad Municipal,4
SKF,La Crosse Municipal,1
KEU,La Grande,1
KLP,La Guardia,906
EMM,La Palmdale Regional Airport,21
ENA,Labouchere Bay,1
KEH,Ladd AAF,906
LKE,Lafayette Regional,21
ENW,Lagoon,67
KKT,Laguna AAF,0
EOK,Lahm Municipal,1
IYK,Lake Brooks SPB,906
MHV,Lake Charles Regional,21
TSP,Lake County,5
ERV,Lake Minchumina,3
KTN,Lake Placid,4
MEI,Lakefront,1
EYW,Lakehurst Maxfield Field Joint Base,906
KIP,Lakeside,21
JCT,Lakeside USAF,5
INR,Lamar Field,3
KVC,Lambert-st. Louis International,4
AKN,Lanai City,3
IGM,Lancaster,4
ISO,Lancaster PA Rail,1
KPN,Lander County,1
IRS,Landing Strip,906
ISM,Langley AFB,21
KVL,Laredo International,1
KZH,Larsen SPB,906
KBK,Larson AFB,21
LMT,Las Animas,67
KLW,Las Vegas,0
RKD,Lathrop Wells,1
OBU,Laughlin AFB,906
ADQ,Laughlin Bullhead Intl,21
WDY,Lawrence,5
KNK,Lawrence County Airpark,3
OKK,Lawrence J Timmerman,4
KOA,Lawrence Municipal,1
KKH,Lawrenceville,906
KOT,Lawson Aaf,21
KKA,Lawton-Fort Sill Regional,5
KYU,Lea County,3
LKK,Leadville,4
UUK,Leckrone,3
KWT,Lee,4
KWK,Lee Bird Field,1
KWN,Lee C Fine Memorial,1
OEO,Lee Gilmer Memorial,906
LSE,Leesburg,21
LGD,Leflore,1
LGA,Lehigh Valley International,906
PMD,Lemmon,21
WLB,Lemoore NAS (Reeves Field),67
FBK,Lenawee County,0
LFT,Lenoir,1
KCL,Levelock,906
LGF,Lewis,21
MFD,Lewis Lockport,5
BKF,Lewiston-Nez Perce County,3
LCH,Lexington,4
LKV,Lihue,1
LMA,Lime Village,906
LKP,Lincoln,21
NEW,Lincoln Regional Airport,5
NEL,Linden,3
LKS,Little Naukati,4
LKI,Little Port Walter,3
LAA,Little Rock Afb,4
STL,Livengood,1
LNY,Livermore Municipal,1
LNS,Logan Cache,906
ZRL,Lompoc Airport,21
BAM,Long Beach Municipal,1
EVA,Long Island,906
LFI,Long Island MacArthur,21
LRD,Longview,67
KLN,Lopez Island,0
LRN,Lordsburg,1
TAD,Loring,906
LVS,Loring AFB,21
LTH,Los Alamos,5
DLF,Los Angeles International,3
IFP,Los Banos,4
LWM,Lost Harbor Sea Port,1
HTW,Lost Nation,906
MWC,Lost River,21
LWC,Louis Armstrong New Orléans International Airport,5
LVL,Louisa,3
LSF,Louisville International (Standiford Field),4
LAW,Lovell Field,3
HOB,Lowe Army Heliport,4
LXV,Lowndes County,1
SLO,Lubbock Preston Smith International,1
ANP,Lufkin Angelina County,906
LBF,Luke AFB,21
AIZ,Lumberton,1
GVL,Lusk,906
LEE,Lyndonville,21
GWO,Lyons-Rice County Municipal,67
ABE,M. Graham Clark - Taney County,0
LEM,Mac Dill AFB,1
NLC,Machesney,906
ADG,Mackall AAF,21
MRN,Mackinac Island,5
KLL,Macon Downtown,3
CDK,Madera,4
LOT,Madison,1
LWS,Mahlon Sweet Field,906
LXN,Majors Field,21
LIH,Malad City,5
LVD,Malcolm Mckinnon,3
LNK,Malden,4
LHM,Malmstrom AFB,3
LDJ,Malta,4
WLN,Mammoth Lakes,1
LPW,Manassas Regional Airport/Harry P. Davis Field,1
LRF,Manchester-boston Regional Airport,906
LIV,Manhattan Regional,21
LVK,Manistee County-Blacker,1
LGU,Mankato Regional,906
LPC,Manley Hot Springs,21
LGB,Manokotak SPB,67
LIJ,Manti-Ephraim,0
ISP,Marble Canyon,1
LOG,March ARB,906
LPS,Marco Island,21
LSB,Marguerite Bay,5
WLR,Marin County,3
LIZ,Marina Municipal,4
LAM,Marine Air Terminal,1
LAX,Marion,906
LSN,Marion County,21
LHB,Marion County Regional,5
LNN,Market Centre H/P,3
LSR,Marlborough,4
MSY,Marriot Astrodome,3
LOW,Marriott Heliport,4
SDF,Marshall,1
CHA,Marshall AAF,1
LOR,Martha's Vineyard,906
UBS,Martin Johnson,21
LBB,Martindale Army Heliport,1
LFK,Mason City Municipal,906
LUF,Mason County,21
LBT,Massena International-Richards Field,67
LSK,Mathis Field,0
LLX,Maury County,1
LYO,Maverick Co,906
PLK,Max Westheimer,21
MCF,Maxton,5
RMC,Maxwell AFB,3
HFF,May Creek,4
MCD,MBS International,1
MAC,Mc Alester,906
MAE,Mc Allen Miller International,21
XMD,Mc Carran International,5
EUG,Mc Clellan-Palomar,3
GVT,Mc Entire ANG Base,4
MLD,Mc Guire AFB,3
SSI,Mc Kellar-Sipes Regional,4
MAW,Mc Namara Fld,1
GFA,Mccall,1
MLK,Mccarthy,906
MMH,McChord AFB,21
MNZ,Mcclellan AFB,1
MHT,Mcconnell AFB,906
MHK,Mccook,21
MBL,McGhee Tyson,67
MKT,Mcgrath,0
MLY,Mckenna AAF,1
KMO,McMinn County,906
NTJ,McNary Field,21
MYH,Mcpherson,5
RIV,Meacham Field (Fort Worth),3
MRK,Meadows Field,4
RTE,Meadville,1
JMC,Medford,906
OAR,Medfra,21
QNY,Mefford Field,5
MZZ,Melbourne International,3
HAB,Melsing Creek,4
APT,Memorial,3
FLP,Memorial Field,4
JMD,Memorial Municipal,1
MXG,Memphis International,1
JMA,Menominee,906
JMH,Merced Municipal Arpt,21
MLL,Merrill C Meigs (closed),1
FRI,Merrill Field,906
MVY,Merritt Island,21
CNU,Mesa Del Rey,67
MDA,Mesquite,0
MCW,Metro Field,1
LDM,Metropark Rail,906
MSS,Metropolitan,21
SJT,Metropolitan Airport,5
MRC,Metropolitan Area,3
EGP,Metroport,4
OUN,Mettle Field,1
MXE,Miami,906
MXF,Miami International,21
MYK,Miami University,5
MBS,Michael AAF,3
MLC,Michiana Regional,4
MFE,Michigan City Municipal-Phillips Field,3
LAS,Mid Delta Regional,4
CLD,Mid-Ohio Valley,1
MMT,Middle Georgia Regional,1
WRI,Midland International,906
MKL,Mifflin County,21
CEC,Milford,1
MYL,Millard,906
MXY,Miller Field,21
TCM,Millington Regional Jetport,67
MCC,Millinocket,0
IAB,Millville,1
MCK,Milwaukee General Mitchell,906
TYS,Mineral Wells Arpt,21
MCG,Mineta San Jose International,5
MKF,Minneapolis - St. Paul International,3
MMI,Minot AFB,4
SLE,Minot International,1
MPR,Minto,906
FTW,Minute Man Airfield,21
BFL,Miramar Mcas,5
MEJ,Mission Field,3
MDF,Missoula International,4
MDR,Moberly,3
TLR,Mobile Downtown,4
MLB,Mobile Regional,1
CIL,Mobridge,1
CSV,Modesto City-Co-Harry Sham Field,906
DFI,Moffett Field,21
JEF,Molokai,1
OWD,Mondell,906
SBM,Monmouth Executive,21
SIK,Monroe - Walton County,67
TRX,Monroe Regional,0
HOT,Montauk Airport,1
MHL,Monterey Peninsula,906
MEM,Montevideo-Chippewa,21
MNM,Montezuma County,5
MCE,Montgomery Co,3
CGX,Montgomery County,4
MRI,Montgomery Field,1
COI,Montgomery Regional (Dannelly Field),906
KIC,Monticello Municipal,21
MFH,Montrose Regional Airport,5
MTX,Montvale,3
ZME,Monument Valley,4
PMX,Moody AFB,3
CAE,Moore County,4
CHI,Moore-Murrell,1
CLC,Morenci,1
CEV,Morgantown Municipal,906
MIO,Morris AAF,21
MIA,Morristown Municipal,1
OXD,Morrisville-Stowe,906
DPG,Moser Bay,21
SBN,Moultrie Municipal,67
MGC,Mount Pleasant,0
GLH,Mount Pleasant Municipal,1
PKB,Mount Union,906
MCN,Mount Washington Regional,21
MAF,Mount Wilson,5
RED,Mountain Home,3
MLF,Mountain Home AFB,4
MIQ,Mountain Village,1
RCT,Mt Mckinley,906
VTN,Mt Pleasant,21
NQA,Mt Pocono,5
MLT,Mt Vernon-Outland,3
MIV,Mudhole Smith,4
ZML,Muir AAF,3
MWL,Mullen,4
SJC,Municipal,1
MSP,Municipal (Drake Field),1
MIB,Municipal Heliport,906
MOT,Municipal-Ryan Field,21
MNT,Murray Field,1
MMN,Muscatine Municipal,906
NKX,Muskegon County,21
LVM,Mustin Alf,67
MSO,Myrtle Beach Afb,0
MBY,N Philadelphia Rail St,1
BFM,Naknek,906
MOB,Nakolik River,21
MBG,Nantucket Memorial,5
MOD,Nanwalek,3
NUQ,Napa County,4
MKK,Napakiak SPB,1
ECS,Naples Municipal,906
BLM,NAS,21
MVC,NAS Alameda (Closed),5
MLU,Nas Chambers,3
MTP,Nas Glenview (closed),4
MRY,NAS Kingsville,3
MVE,NAS Oceana,4
CEZ,NAS Pensacola,1
CXO,NAS/Alvin Callendar,1
GAI,Nashville International,906
MYF,National Park,21
MGM,Natrona County International Airport,1
MXO,Naukati Bay SPB,906
MTJ,Naukiti,21
QMV,ndiana County Airport (Jimmy Stewart Field),67
GMV,Needles,0
VAD,Neil Armstrong,1
SOP,Nellis AFB,906
MOR,Nelson Lagoon,21
CFT,Neosho,5
MGW,Nephi,3
FOP,Nevada,4
MMU,New Bedford Regional,1
MVL,New Carrolton RR,906
KMY,New Castle,21
MGR,New Century Aircenter Airport,5
MPS,New Chenega,3
MOP,New Haven Rail,4
MUU,New Koliganek,3
HIE,New London,4
MWS,New River Valley,1
WMH,New Stuyahok,1
MUO,New Ulm,906
MOU,Newark Liberty International,21
MCL,Newport,1
MSD,Newport News Rail,906
MPO,Newport News/Williamsburg International,21
MVN,Newtok,67
CDV,Niagara Falls International,0
MUI,Niblack,1
MHN,Nichen Cove,906
AFO,Nightmute,21
AIK,Nikolai,5
ALS,Nikolski AFS,3
AHH,Ninilchik,4
ARB,Noatak,1
AHF,Noble F. Lee,906
AIO,Nogales International,21
AVO,Nome,5
BVX,Nondalton,3
BBB,Norfolk International,4
HKA,North Bend,3
WBU,North Central,4
TTO,North Central West Virginia,1
BYG,North Fork Valley,1
BUB,North Island Nas,906
CAR,North Las Vegas,21
CGZ,North Park Inn H/P,1
GHM,North Perry,906
ENL,North Rim,21
CCY,North Shore,67
CHK,North Texas Regional (Grayson County),0
CNH,Northeast Alabama Regional,1
ICL,Northeast Florida Regional,906
CLK,Northeast Philadelphia,21
CFV,Northern Aroostook Regional,5
CBK,Northern Maine Regional,3
CUS,Northstar Heliport,4
CSQ,Northway,1
CKN,Northwest Arkansas Regional,906
CRT,Northwest Florida Beaches International Airport,21
CUH,Northwest Florida Regional,5
DNN,Norton Afb,3
DAN,Novato,4
DEH,Ns,3
DNS,Nuiqsut,4
DTL,Nulato,1
DBN,Nunapitchuk,1
ETN,Nyac,906
EDE,Oak Harbor,21
ELK,Oakland County International,1
ETS,Oakland International Airport,906
EST,Oakland/Coliseum Stat,21
FBY,Ocala International,67
FFL,Ocean Reef,0
FLX,Oceanic,1
FBL,Oconee County,906
FYM,Off line Point,21
FIL,Ogdensburg International,5
FXY,Ohio State University,3
FCY,Ohio University,4
FMS,Okmulgee,1
FSK,Old Harbor SPB,906
FKN,Old Town,21
FDR,Olf Usn,5
FET,Olga Bay SPB,3
FRH,Olive Branch Arpt,4
FUL,Olney,3
GLE,Olney-Noble,4
GDM,Olympia Regional,1
GLW,Oneal,1
GVE,Oneida County,906
GTG,Onion Bay,21
GRE,Ontario International,1
GCY,Ontario Municipal Airport,906
HNS,Opa Locka,21
HPT,Orange County,67
HVS,Orcas Island,0
HYS,Orlando Executive,1
HYR,Orlando International,906
HUS,Orlando Sanford Intl,21
HBO,Oroville,5
HNB,Osage Beach,3
IDG,Oshkosh,4
IRB,Otis AFB,1
IJX,Otsego County,906
AFN,Outagamie County Regional,21
EFW,Outlaw Field,5
JOT,Ouzinkie SPB,3
KLG,Owatonna,4
KNT,Oxnard,3
ILE,Ozona Municipal,4
IRK,Pacific City State,1
KDK,Pack Creek,1
LCI,Paf Warren,906
XES,Page,21
HII,Page Field,1
LAL,Painter Creek,906
LPO,Pal-Waukee,21
LRU,Palacios,67
LWV,Palestine Municipal Airport,0
LRJ,Palm Beach Co. Glades,1
LWT,Palm Beach County Park,906
LBL,Palm Beach International,21
LIC,Palm Springs International,5
MQB,Palmer Municipal,3
AGO,Palo Alto,4
MXA,Pangborn Field,1
MTW,Panguitch,906
MRF,Park Falls,21
MNN,Park Rapids,5
MIW,Park Ten Heliport,3
MFI,Park Township,4
RRL,Parker County,3
MLS,Parks SPB,4
MHE,Parlin Field,1
MOX,Paso Robles,1
MPZ,Patrick AFB,906
ENN,Patterson Afb,21
RNH,Patuxent River NAS,1
TNU,Pauloff Harbor SPB,906
OCE,Pauls Valley Municipal Airport,21
OCN,Payson,67
OGD,Peach Springs,0
OLE,Pearl River County,1
OMK,Pease International,906
ONL,Peconic River,21
ONH,Pecos City,5
OGB,Pecos County,3
OOA,Pedro Bay,4
PGR,Pelican SPB,1
PRO,Pellston Regional,906
PTS,Penn Valley,21
POH,Pennsylvania Railroad Station,5
PCD,Pensacola Gulf Coast Regional,3
UIN,Pentagon Army,4
RKW,Peoria International,3
ROX,Perimeter Mall,4
RBG,Perry Lefors Field,1
STC,Perry SPB,1
SGU,Perry-Foley,906
SDP,Perryville SPB,21
SBA,Petersburg James A Johnson,1
SCR,Petit Jean Park,906
SNL,Phifer Field,21
FHU,Philadelphia International,67
SPW,Philip,0
SVH,Philip Billard,1
SLB,Phillips AAF,906
SUM,Phillips Field,21
TVI,Phoenix Deer Valley,5
VEX,Phoenix Goodyear,3
TOR,Phoenix Sky Harbor International Airport,4
RBW,Phoenix-Mesa Gateway (Williams Gateway),1
UKN,Pickens,906
AUW,Piedmont Triad International,21
EBS,Pier 11/Wall St. SPB,5
ELZ,Pierre Regional,3
AWM,Pike County,4
BRG,Pilot Point,3
WGO,Pilot Station,4
ONA,Pinal Airpark,1
FYV,Pine Island Airport,1
JMN,Pine Ridge,906
JRC,Pitt-Greenville,21
JSK,Pittsburgh International,1
MML,Pittsfield,906
EKA,Placerville,21
MUT,Platinum,67
MKG,Plattsburgh International,0
MUV,Pleasant Harbour,1
MYR,Plymouth,906
ZHC,Pocatello Regional,21
NNK,Point Baker SPB,5
NOL,Point Barrow,3
ACK,Point Hope,4
KEB,Point Mugu NAS (Naval Base Ventura County,1
APC,Polacca,906
WNA,Polk AAF,21
APF,Polk Inlet,5
NHZ,Pompano Beach,3
NGP,Ponca City,4
NFL,Pope AFB,3
NRS,Pope Field,4
NCO,Pope Vanoy,1
NGZ,Porcupine Creek,1
NGU,Port Alexander,906
NBU,Port Alice,21
NQI,Port Allen,1
NTU,Port Alsworth,906
NPA,Port Armstrong,21
NBG,Port Bailey SPB,67
BNA,Port Clarence,0
GCN,Port Columbus International,1
CPR,Port Frederick,906
WNC,Port Graham,21
NKI,Port Heiden,5
IDI,Port Johnson,3
EED,Port Largo,4
AXV,Port Lions SPB,1
LSV,Port Oceanic,906
NLG,Port Protection,21
EOS,Port San Juan,5
NPH,Port Townsend,3
NVD,Port Walter,4
EWB,Port Williams SPB,3
ZRZ,Portage Creek,4
ILG,Porter County,1
JCI,Porterville,1
NCN,Portland,906
ZVE,Portland International,21
KGK,Portland International Jetport,1
GON,Poulsbo,906
PSK,Powell,21
KNW,Pratt,67
ULM,Prentice,0
EWR,Preston-glenn Field,1
ONP,Princeton,906
EFK,Princeton JT Rail,21
ZWW,Princeville,5
PHF,Prineville,3
WWT,Prospect Creek,4
IAG,Providence Rail,1
NIE,Provincetown,906
NKV,Provo,21
NME,Prudhoe Bay/Deadhorse,5
NIB,Pueblo Memorial,3
IKO,Pulaski County,4
NIN,Pullman-Moscow Regional,3
WTK,Purdue University,4
ARV,Pyor,1
OLS,Quad City International,1
OME,Quantico NAS,906
NNL,Quartz Creek,21
ORF,Quartz Hill,1
OTH,Queen,906
SFZ,Quillayute State,21
CKB,Quincy Regional,67
WPO,R. Lloyd Jones,0
NZY,Raleigh,1
VGT,Raleigh-durham International,906
JNH,Ralph Calhoun,21
HWO,Ralph Wien Memorial,5
NGC,Rampart,3
UMB,Randolph AFB,4
PNX,Rangely,1
GAD,Ranger Municipal,906
UST,Rapid City Regional,21
PNE,Raspberry Strait,5
WFK,Rawlins,3
PQI,Reading Regional,4
PUO,Red Bluff Fss,3
ORT,Red Devil,4
XNA,Red Dog,1
ECP,Redbird,1
VPS,Redding Municipal,906
SBD,Redstone AAF,21
NOT,Redwood Falls Muni,1
NRB,Reese AFB,906
NUI,Regional,21
NUL,Rehoboth Beach,67
NUP,Reid-Hillview,0
ZNC,Reilly AHP,1
ODW,Renner Field,906
PTK,Reno-Tahoe International,21
OAK,Rensselaer,5
OBT,Renton,3
OCF,Rentschler,4
OCA,Rep,1
OCI,Republic Field,906
CEU,Reynolds,21
XZU,Reynolds Municipal,5
OGS,Rice Lake,3
OSU,Richard B Russell,4
ATO,Richard I Bong Arpt,3
OKM,Richards-Gebaur,4
OLH,Richland,1
OLD,Richmond International Airport,1
NEN,Richmond Municipal Airport,906
KOY,Richmond VA Rail,21
OLV,Rick Husband Amarillo International,1
ONY,Rickenbacker,906
OLY,Rinkenberger,21
OLM,Riverside Fla-Bob,67
OEA,Riverside Municipal,0
RHI,Riverton Regional,1
UCA,Roanoke Regional (Woodrum Field),906
ONN,Robert Gray AAF,21
ONT,Robert J. Miller,5
ONO,Robert S Kerr,3
OPF,Roberts AAF,4
MGJ,Roberts Field,1
ESD,Robins AFB,906
ORL,Roche Harbor,21
MCO,Rochester International,5
SFB,Rochester NY Rail,3
OVE,Rock Hill,4
OSB,Rocky Mount-wilson Regional,3
OKS,Rocky Mountain Metropolitan,4
FMH,Rogers,1
GLR,Rogue Valley International - Medford,1
ATW,Rolla Downtown,906
CKV,Rolla National,21
KOZ,Rollang Field,1
OWA,Rome State,906
SZP,Ronald Reagan Washington National Airport,21
OZA,Rooke Field,67
PFC,Roosevelt,0
PBK,Rosario SPB,1
PFA,Roscoe Turner,906
PGA,Roscommon County,21
FMY,Rosecrans Memorial,5
PCE,Roswell International Air Center,3
PWK,Rotunda,4
PSX,Roundup,1
PSN,Rouses Point,906
PHK,Rowan Bay,21
LNA,Rowan County,5
PBI,Roy Hurd Memorial,3
PSP,Ruby,4
PAQ,Rupert,3
PAO,Russell,4
EAT,Russian SPB,1
PNU,Ruston,1
PKF,Rutland Southern Vermont Regional,906
PKD,Ryan,21
JPT,Ryan Field,1
HLM,Sacramento Executive,906
WEA,Sacramento International,21
KPK,Sacramento Mather Airport,67
NWH,Safford Regional,0
PRB,Saginaw Bay,1
COF,Sagwon,906
FFO,Saint Marys,21
NHK,Saint Paul Island,5
KPH,Salida,3
PVJ,Salina,4
PJB,Salina Regional,1
PGS,Salinas,906
PCU,Salmon,21
PSM,Salt Lake City International,5
CTO,Salt Lake Skypark,3
PEQ,Salton City,4
FST,Sampson County,3
PDB,Samuels Field,4
PEC,San Antonio International,1
PLN,San Carlos,1
SEG,San Diego International,906
ZRP,San Fernando,21
PNS,San Francisco International,1
JPN,San Juan County,906
PIA,San Juan SPB,21
JAJ,San Luis County Regional Airport,67
PPA,San Rafael H/P,0
PYL,Sanderson Field,1
FPY,Sanford,906
KPV,Santa Cruz Island,21
PSG,Santa Fe Municipal,5
MPJ,Santa Maria Pub/Capt G Allan Hancock,3
EAN,Santa Monica,4
PHL,Santa Ynez,1
PHP,Sarasota/Bradenton International,906
TOP,Sarichef,21
APG,Saufley NAS,5
PII,Savannah/Hilton Head International,3
DVT,Savoonga,4
GYR,Sawyer International,3
PHX,Schenectady County,4
AZA,Schenectady Rail,1
LQK,Schloredt,1
GSO,Scholes Field,906
NWS,Schoolcraft County,21
PIR,Scott AFB/Midamerica,1
MCB,Scottsdale Municipal,906
PIP,Sea Port,21
PQS,Seal Bay,67
MZJ,Searcy,0
DUF,Searcy Fld,1
XPR,Searle Field,906
PGV,Seattle-Tacoma International,21
PIT,Sebring Regional,5
PSF,Sedalia,3
PVF,Sedona,4
PTU,Selawik,1
PBG,Seldovia,906
PTR,Selfield,21
PLY,Selfridge ANGB,5
PYM,Selfs,3
PIH,Sequim Valley Arpt,4
KPB,Seward,3
PBA,Seymour Johnson AFB,4
PHO,Shafter-Minter Field,1
NTD,Shageluk,1
PXL,Shaktoolik,906
POE,Shangri-la,21
POQ,Sharpe AAF,1
PPM,Sharpe Field,906
PNC,Shaw AFB,21
POB,Sheep Mountain,67
GFD,Sheffield,0
PVY,Shelby,1
PCK,Sheldon SPB,906
PTD,Shemya AFB,21
PTC,Shenandoah Valley,5
PAK,Sheppard AFB,3
PTA,Sheridan,4
PTL,Sherman,1
KPY,Sherman AAF,906
KPC,Sherman Oaks H/P,21
CMH,Sherwood,5
PFD,Shishmaref,3
PGM,Shively Field,4
PTH,Shoal Cove,3
PRF,Show Low,4
KYL,Shreveport Downtown,1
ORI,Shungnak,1
PRL,Sidney,906
PPV,Sidney-Richland Municipal,21
PJS,Sierra Blanca Regional,1
TWD,Sikorsky Heliport,906
PWR,Simmons AAF,21
KPR,Simmons Nott,67
PCA,Sioux Gateway,0
VPZ,Siskiyou County,1
PTV,Sitka Rocky Gutierrez,906
HIO,Sitkinak Cgs,21
PDX,Skagit Regional,5
PWM,Skagway Municipal,3
PUL,Skypark,4
POY,Sleetmute,1
PTT,Sloulin Field Intl,906
PRW,Smith Cove,21
LYH,Smith Field,5
PNN,Smith-Reynolds,3
PCT,Smyrna,4
BLF,Snohomish County - Paine Field,3
ZTJ,Socorro,4
HPV,Soldotna,1
PRZ,Solomon,1
PPC,South Big Horn County,906
ZRV,South Lake Tahoe,21
PVC,South Naknek,1
PVU,South Padre Is. Intl,906
SCC,South Weymouth,21
PUB,Southeast Iowa Regional,67
SME,Southern California Logistics,0
PUW,Southern Illinois,1
LAF,Southern Seaplane,906
DCU,Southern Wisconsin Regional (Rock County),21
MLI,Southwest Florida International,5
NYG,Southwest Georgia Regional,3
JLA,Southwest Michigan Regional,4
RZH,Southwest Washington Regional,1
UQE,Space Coast Regional,906
UIL,Spaceland,21
MQI,Sparrevohn AFS,5
RVS,Sparta Community,3
HSB,Spartanburg Downtown Memorial,4
RDU,Spb,3
TAL,Spence,4
OTZ,Spirit Lake,1
RMP,Spirit Of St Louis,1
RND,Splane Memorial,906
RNG,Spokane International,21
RGR,Springdale Muni,1
RAP,Springfield,906
RSP,Springfield-Branson National,21
RWL,St Clair County,67
RDG,St George Island,0
RBL,St Landry Parish,1
RDV,St Louis Regional,906
RDB,St Lucie County,21
RBD,St Marys,5
RDD,St Marys County,3
HUA,St Michael,4
RWF,St. Clair County International,1
REE,St. Johns Industrial Air Park,906
SHV,St. Louis Downtown,21
REH,St. Petersburg-Clearwater International,5
RHV,State,3
RLI,Statesboro-Bulloch County Airport,4
GLD,Steamboat Springs,3
RNO,Stebbins,4
RNZ,Steel Pier Hlpt,1
RNT,Stefan Field,1
EHT,Stellar Air Park,906
MHS,Stephens County,21
FRG,Stevens Field,1
RIF,Stevens Point,906
JXN,Stevens Village,21
RIE,Stewart International,67
RMG,Stinson Municipal,0
SUW,Stockton Metropolitan,1
GVW,Stolport,906
RLD,Stony River,21
RIC,Stouffers Heliport,5
RID,Stroud,3
ZRD,Stuart Island,4
AMA,Stuttgart Municipal,1
LCK,Suffolk County,906
BDF,Sugar Land Regional,21
RIR,Sullivan County International,5
RAL,Sulphur Springs,3
RIW,Summit,4
ROA,Sun River,3
GRK,Susanville,4
MJX,Sussex County,1
RKR,Sweetwater,1
SYL,Sweetwater County,906
RDM,Sylvester,21
WRB,Syracuse Hancock International,1
RCE,Syracuse NY Rail,906
RST,T. F. Green State,21
ZTE,Tahneta Pass,67
RKH,Takotna,0
RWI,Taku SPB,1
BJC,Talkeetna,906
ROG,Talladega Municipal,21
MFR,Tallahassee Regional,5
RLA,Tamiami,3
VIH,Tampa International,4
RFK,Tanalian Point,1
REO,Taos Regional,906
DCA,Tatalina AFS,21
RFG,Tatitlek,5
ROL,Taylor,3
RSJ,Technology Park,4
CRX,Ted Stevens Anchorage International,3
HTL,Telfair-Wheeler,4
STJ,Telida,1
ROW,Teller,1
RTD,Telluride Regional,906
RPX,Tenakee SPB,21
RSX,Terre Haute International,1
RWB,Terrebonne,906
SRW,Terrell Field,21
MIF,Test Range,67
RBY,Teterboro,0
BYI,Tetlin,1
RSL,Texarkana Regional-Webb Field,906
RSH,The City Heliport,21
RSN,The Florida Keys Marathon,5
RUT,The Hattiesburg-Bobby L. Chain Mun.,3
BTR,Thermal,4
HMT,Thief River Falls Regional,1
SAC,Thomas C Russell Fld,906
SMF,Thompson-Robbins,21
MHR,Thompsonfield,5
SAD,Thorne Bay,3
SGW,Tin City Afs,4
SAG,Tinker AFB,3
KSM,Tipton AAF,4
SNP,Toccoa RG Letourneau Field,1
SLT,Togiak Fish,1
SBO,Togiak Village,906
SLN,Tok,21
SNS,Tokeen,1
SMN,Toksook Bay,906
SLC,Toledo,21
BTF,Toledo Express,67
SAS,Tonopah Arpt,0
CTZ,Topp Of Tampa,1
BRY,Torrance Airport,906
SAT,Tradewind,21
SQL,Transco Twr Galleria,5
SAN,Travis AFB,3
SFR,Tremonton,4
SFO,Trent Lott International,1
MXC,Trenton Mercer Airport,906
WSJ,Trenton Rail STN,21
SBP,Tri County,5
JSG,Tri-Cities,3
SHN,Tri-Cities Regional,4
SFM,Tri-City,3
SZN,Tri-State Steuben County,4
SAF,Tri-State/Milton Ferguson Field,1
SMX,Trona,1
SMO,Troutdale,906
SQA,Troy Municipal,21
SRQ,Truckee-Tahoe,1
WSF,Truth Or Consequences Municipal,906
NUN,TSTC Waco Airport,21
SAV,Tuba City,67
SVA,Tucson International,0
MQT,Tucumcari Municipal,1
SCH,Tullahoma/William Northern Field,906
ZTD,Tulsa International,21
SUC,Tuluksak,5
GLS,Tunica Municipal,3
ISQ,Tuntutuliak,4
BLV,Tununak,1
SCF,Tupelo Regional,906
BVD,Tweed-New Haven Regional,21
SYB,Twentynine Palms,5
SRC,Twin Hills,3
SWO,Two Harbors,4
OGA,Tyler Pounds Regional Airport,3
SEA,Tyndall Afb,4
SEF,Tyonek,1
DMO,Uganik,1
SDX,Ugashik,906
WLK,Ugashik Bay,21
SOV,Ukiah,1
SES,Umiat,906
MTC,Umnak,21
MMS,Unalakleet,67
SQV,Union Station H/P,0
SWD,Universal City H/P,1
GSB,University Of Illinois Willard,906
MIT,University Park Airport,21
SHX,University-Oxford,5
SKK,Upolu Point,3
NRI,Upper Bucks,4
LRO,US Army Heliport,1
TGE,USAF Academy Airstrip,906
SSC,USAF Heliport,21
SMU,USN Heliport,5
MSL,Utica Nny Rail,3
SBX,Vail Van Service,4
SXP,Valdez Pioneer Field,3
SYA,Valdosta Regional,4
SHD,Valley International,1
SPS,Van De Graaf,1
SHR,Van Nuys,906
CSM,Van Service,21
FLV,Vance Afb,1
JSN,Vandalia,906
PWD,Vandenberg AFB,21
SHH,VanGalder Bus Termina,67
SAA,Venetie,0
HCB,Venice Municipal,1
SOW,Ventura County Camarillo,906
DTN,Vermilion County,21
SHG,Vernal,5
SNY,Vero Beach Municipal,3
SXY,Versailles,4
SDY,Vicksburg Municipal,1
RUI,Vidalia Municipal,906
JSD,View Cove,21
FBG,Village SPB,5
EWN,Virgil I Grissom Muni,3
SUX,Virginia Highlands,4
SIY,Virginia Tech,3
SIT,Visalia Municipal,4
SKJ,Volk Field,1
MVW,Vor,1
SGY,W T Piper Memorial,906
SRU,Waco Regional,21
SLQ,Wahpeton,1
ISN,Waikoloa Airport,906
SCJ,Wainwright,21
SMD,Waldron Island,67
SLG,Wales,0
INT,Walker Field,1
MQY,Walla Walla,906
PAE,Wallops Flight Center,21
ONM,Walnut Ridge Regional,5
SXQ,Walt Disney World,3
SOL,Walter J. Koladza Airport,4
GEY,Waltham,1
TVL,Ware,906
WSN,Ware County,21
BRO,Warm Spring Bay SPB,5
NZW,Warner Cntr Bus. Plaza,3
BRL,Warren AFB,4
VCV,Warren County,3
MDH,Warren Field,4
BCS,Warroad International Memorial,1
JVL,Wash. County Regional,1
RSW,Washington County,906
ABY,Washington Dulles International,21
BEH,Wasilla,1
KLS,Waterbury-Oxford,906
TIX,Waterfall SPB,21
SPX,Waterfront SPB,67
SVW,Waterloo Regional,0
SAR,Watertown International,1
SPA,Watertown Municipal,906
KKI,Waterville Robert Lafleur,21
KCN,Watsonville,5
EXI,Waukegan Regional,3
FNR,Waukesha County (Crites Field),4
HWI,Wayne County,1
HYL,Webb AFB,906
HYG,Weedon Field,21
WHD,Weide AAF,5
KIB,Weld County,3
KAE,Wendover,4
KKB,West 30th St Heliport,3
MTM,West Bend,4
WMK,West Houston,1
MPB,West Kavik,1
PKA,West Kuparuk,906
PMU,West Woodward,21
PSQ,Westchase Hilton H/P,1
SCM,Westchester County,906
WSB,Westerly State,21
KTH,Western Nebraska Regional,67
WYB,Westover ARB/Metropolitan,0
MUL,Westsound,1
RTL,Whale Pass,906
SUS,Wharton,21
OIL,Wheeler AFB,5
GEG,Wheeling Ohio Co,3
SPZ,Whidbey Island NAS (Ault Field),4
SGH,White Mountain,1
SGF,White River,906
PLR,White Sand Regional,21
STG,Whiteman,5
OPL,Whiteman AFB,3
ALN,Whiteside County,4
FPR,Whiting Field NAS,3
XSM,Wichita Mid-Continent,4
STQ,Wicomico Regional,1
LTW,Wildman Lake,1
SMK,Wiley Post,906
PHN,Wiley Post/W.Rogers M,21
SJN,Wilgrove Air Park,1
CPS,Wilkes County,906
PIE,Wilkes-barre/scranton International,21
BDY,Wilkes-Barre/Wyoming Valley,67
ESW,Will Rogers World Airport,0
GOL,William J Fox,1
HES,William P Hobby,906
NPT,William R Fairchild International,21
SCB,Williams Memorial,5
VSF,Williamsburg Rail,3
TBR,Williamson County Regional,4
SBS,Williamsport Regional,1
WBB,Willmar,906
JSL,Willow,21
OFK,Willow Grove NAS,5
SLJ,Willow Run,3
BKD,Wilmington International,4
PGO,Wilmington Rail,3
STE,Winder,4
SVS,Windom Municipal,1
SWF,Wings Field,1
SSF,Wink,906
SCK,Winlock,21
VLO,Winnemucca,1
SRV,Winslow-Lindbergh,906
KPD,Winston County,21
SUD,Winston Field,67
SSW,Wiscasset,0
SGT,Wise,1
FOK,Wiseman,906
SGR,Witham Field,21
MSV,Wittman Field,5
SLR,Wk Kellogg Regional,3
UMM,Wood River,4
SUO,Woodchopper,1
SVE,Woodlands,906
GED,Woodward Fld,21
SWW,Worcester Regional,5
RKS,Worland Municipal,3
SYV,Worthington,4
SYR,Wrangell SPB,3
ZYQ,Wrench Creek,4
PVD,Wright AAF,1
HNE,Wright AFB,1
TCT,Wurtsmith AFB,906
TKL,Yakima Air Terminal,21
TKA,Yakutat,1
ASN,Yampa Valley,906
TLH,Yeager,21
TMB,Yelland,67
TPA,Yellowstone,0
TPO,Yellowstone Regional,1
TSM,Yerington,906
TLJ,York Airport,21
TEK,Yosemite Ntl Park,5
TWE,Youngstown,3
TYZ,Yreka,4
JAE,Yuba County,1
ANC,Yucca Flat,906
MQW,Yuma MCAS/Yuma International,21
TLF,Zachar Bay SPB,5
TLA,Zahns,3
TEX,Zanesville,4
TKE,Zephyrhills Municipal,3
HUF,Zwara,4
HUM,Johnston Island,1
TRL,Sand Island Field,1
XSD,Wake Island,906
TEB,Antonio Nery Juarbe,21
TEH,Antonio Rivera Rodriguez,1
TXK,Culebra,906
JOR,Diego Jimenez Torres,21
MTH,Dorado Beach,67
HBG,Eugenio M De Hostos,0
TRM,Humacao Arpt,1
TVF,Isla Grande,906
ALX,Luis Munoz Marin International,21
HEE,Mercedita,5
THM,Palmas Del Mar,3
KTB,Rafael Hernández,4
TNC,Roosevelt Roads Naval Station(No longer in operation),1
TIK,Cyril E King Airport,906
FME,Henry E Rohlsen,21
TOC,St John Island,5
IAD,Dulles International Airport,3
OKC,John Wayne,4
TUL,Marble Canyon,3
TUS,Kenmore Air Harbor SPB,4
HOU,Kenosha Regional,1
HRL,Mid Delta Regional,1
